"","date","area","cumulative_cases"
"1","2020-02-01","Orange",1
"2","2020-02-02","Orange",1
"3","2020-02-03","Orange",1
"4","2020-02-04","Orange",3
"5","2020-02-05","Orange",3
"6","2020-02-06","Orange",4
"7","2020-02-07","Orange",34
"8","2020-02-08","Orange",36
"9","2020-02-09","Orange",36
"10","2020-02-10","Orange",36
"11","2020-02-11","Orange",36
"12","2020-02-12","Orange",37
"13","2020-02-13","Orange",37
"14","2020-02-14","Orange",38
"15","2020-02-15","Orange",38
"16","2020-02-16","Orange",39
"17","2020-02-17","Orange",40
"18","2020-02-18","Orange",40
"19","2020-02-19","Orange",41
"20","2020-02-20","Orange",42
"21","2020-02-21","Orange",42
"22","2020-02-22","Orange",44
"23","2020-02-23","Orange",45
"24","2020-02-24","Orange",45
"25","2020-02-25","Orange",47
"26","2020-02-26","Orange",48
"27","2020-02-27","Orange",49
"28","2020-02-28","Orange",55
"29","2020-02-29","Orange",57
"30","2020-03-01","Orange",62
"31","2020-03-02","Orange",65
"32","2020-03-03","Orange",70
"33","2020-03-04","Orange",78
"34","2020-03-05","Orange",81
"35","2020-03-06","Orange",96
"36","2020-03-07","Orange",122
"37","2020-03-08","Orange",130
"38","2020-03-09","Orange",155
"39","2020-03-10","Orange",183
"40","2020-03-11","Orange",203
"41","2020-03-12","Orange",232
"42","2020-03-13","Orange",269
"43","2020-03-14","Orange",309
"44","2020-03-15","Orange",348
"45","2020-03-16","Orange",416
"46","2020-03-17","Orange",499
"47","2020-03-18","Orange",577
"48","2020-03-19","Orange",635
"49","2020-03-20","Orange",716
"50","2020-03-21","Orange",763
"51","2020-03-22","Orange",812
"52","2020-03-23","Orange",885
"53","2020-03-24","Orange",940
"54","2020-03-25","Orange",1002
"55","2020-03-26","Orange",1060
"56","2020-03-27","Orange",1122
"57","2020-03-28","Orange",1172
"58","2020-03-29","Orange",1208
"59","2020-03-30","Orange",1281
"60","2020-03-31","Orange",1346
"61","2020-04-01","Orange",1416
"62","2020-04-02","Orange",1468
"63","2020-04-03","Orange",1520
"64","2020-04-04","Orange",1559
"65","2020-04-05","Orange",1601
"66","2020-04-06","Orange",1657
"67","2020-04-07","Orange",1701
"68","2020-04-08","Orange",1748
"69","2020-04-09","Orange",1811
"70","2020-04-10","Orange",1885
"71","2020-04-11","Orange",1932
"72","2020-04-12","Orange",1994
"73","2020-04-13","Orange",2054
"74","2020-04-14","Orange",2126
"75","2020-04-15","Orange",2226
"76","2020-04-16","Orange",2329
"77","2020-04-17","Orange",2394
"78","2020-04-18","Orange",2445
"79","2020-04-19","Orange",2510
"80","2020-04-20","Orange",2607
"81","2020-04-21","Orange",2691
"82","2020-04-22","Orange",2814
"83","2020-04-23","Orange",2908
"84","2020-04-24","Orange",3087
"85","2020-04-25","Orange",3194
"86","2020-04-26","Orange",3302
"87","2020-04-27","Orange",3467
"88","2020-04-28","Orange",3636
"89","2020-04-29","Orange",3799
"90","2020-04-30","Orange",3933
"91","2020-05-01","Orange",4155
"92","2020-05-02","Orange",4232
"93","2020-05-03","Orange",4346
"94","2020-05-04","Orange",4520
"95","2020-05-05","Orange",4658
"96","2020-05-06","Orange",4782
"97","2020-05-07","Orange",4966
"98","2020-05-08","Orange",5151
"99","2020-05-09","Orange",5299
"100","2020-05-10","Orange",5383
"101","2020-05-11","Orange",5526
"102","2020-05-12","Orange",5741
"103","2020-05-13","Orange",5923
"104","2020-05-14","Orange",6169
"105","2020-05-15","Orange",6343
"106","2020-05-16","Orange",6515
"107","2020-05-17","Orange",6591
"108","2020-05-18","Orange",6771
"109","2020-05-19","Orange",6961
"110","2020-05-20","Orange",7155
"111","2020-05-21","Orange",7363
"112","2020-05-22","Orange",7566
"113","2020-05-23","Orange",7763
"114","2020-05-24","Orange",7922
"115","2020-05-25","Orange",8076
"116","2020-05-26","Orange",8299
"117","2020-05-27","Orange",8568
"118","2020-05-28","Orange",8723
"119","2020-05-29","Orange",8918
"120","2020-05-30","Orange",9105
"121","2020-05-31","Orange",9262
"122","2020-06-01","Orange",9474
"123","2020-06-02","Orange",9671
"124","2020-06-03","Orange",9874
"125","2020-06-04","Orange",10099
"126","2020-06-05","Orange",10353
"127","2020-06-06","Orange",10549
"128","2020-06-07","Orange",10709
"129","2020-06-08","Orange",10968
"130","2020-06-09","Orange",11220
"131","2020-06-10","Orange",11464
"132","2020-06-11","Orange",11741
"133","2020-06-12","Orange",12050
"134","2020-06-13","Orange",12356
"135","2020-06-14","Orange",12601
"136","2020-06-15","Orange",13032
"137","2020-06-16","Orange",13600
"138","2020-06-17","Orange",14185
"139","2020-06-18","Orange",14796
"140","2020-06-19","Orange",15453
"141","2020-06-20","Orange",15987
"142","2020-06-21","Orange",16338
"143","2020-06-22","Orange",17176
"144","2020-06-23","Orange",18112
"145","2020-06-24","Orange",19089
"146","2020-06-25","Orange",20087
"147","2020-06-26","Orange",21014
"148","2020-06-27","Orange",21693
"149","2020-06-28","Orange",22204
"150","2020-06-29","Orange",23186
"151","2020-06-30","Orange",24185
"152","2020-07-01","Orange",25123
"153","2020-07-02","Orange",26016
"154","2020-07-03","Orange",26784
"155","2020-07-04","Orange",27175
"156","2020-07-05","Orange",27611
"157","2020-07-06","Orange",28559
"158","2020-07-07","Orange",29624
"159","2020-07-08","Orange",30644
"160","2020-07-09","Orange",31599
"161","2020-07-10","Orange",32572
"162","2020-07-11","Orange",33158
"163","2020-07-12","Orange",33535
"164","2020-07-13","Orange",34415
"165","2020-07-14","Orange",35281
"166","2020-07-15","Orange",36163
"167","2020-07-16","Orange",36962
"168","2020-07-17","Orange",37665
"169","2020-07-18","Orange",38128
"170","2020-07-19","Orange",38447
"171","2020-07-20","Orange",39011
"172","2020-07-21","Orange",39621
"173","2020-07-22","Orange",40117
"174","2020-07-23","Orange",40616
"175","2020-07-24","Orange",41112
"176","2020-07-25","Orange",41399
"177","2020-07-26","Orange",41618
"178","2020-07-27","Orange",42143
"179","2020-07-28","Orange",42583
"180","2020-07-29","Orange",43041
"181","2020-07-30","Orange",43476
"182","2020-07-31","Orange",43891
"183","2020-08-01","Orange",44191
"184","2020-08-02","Orange",44417
"185","2020-08-03","Orange",44796
"186","2020-08-04","Orange",45190
"187","2020-08-05","Orange",45566
"188","2020-08-06","Orange",45875
"189","2020-08-07","Orange",46167
"190","2020-08-08","Orange",46379
"191","2020-08-09","Orange",46508
"192","2020-08-10","Orange",46807
"193","2020-08-11","Orange",47077
"194","2020-08-12","Orange",47298
"195","2020-08-13","Orange",47549
"196","2020-08-14","Orange",47788
"197","2020-08-15","Orange",47938
"198","2020-08-16","Orange",48051
"199","2020-08-17","Orange",48302
"200","2020-08-18","Orange",48512
"201","2020-08-19","Orange",48737
"202","2020-08-20","Orange",48942
"203","2020-08-21","Orange",49169
"204","2020-08-22","Orange",49310
"205","2020-08-23","Orange",49451
"206","2020-08-24","Orange",49689
"207","2020-08-25","Orange",49882
"208","2020-08-26","Orange",50076
"209","2020-08-27","Orange",50260
"210","2020-08-28","Orange",50417
"211","2020-08-29","Orange",50517
"212","2020-08-30","Orange",50628
"213","2020-08-31","Orange",50825
"214","2020-09-01","Orange",51025
"215","2020-09-02","Orange",51189
"216","2020-09-03","Orange",51370
"217","2020-09-04","Orange",51557
"218","2020-09-05","Orange",51681
"219","2020-09-06","Orange",51782
"220","2020-09-07","Orange",51895
"221","2020-09-08","Orange",52069
"222","2020-09-09","Orange",52211
"223","2020-09-10","Orange",52389
"224","2020-09-11","Orange",52552
"225","2020-09-12","Orange",52682
"226","2020-09-13","Orange",52798
"227","2020-09-14","Orange",53013
"228","2020-09-15","Orange",53174
"229","2020-09-16","Orange",53356
"230","2020-09-17","Orange",53557
"231","2020-09-18","Orange",53736
"232","2020-09-19","Orange",53882
"233","2020-09-20","Orange",54010
"234","2020-09-21","Orange",54251
"235","2020-09-22","Orange",54473
"236","2020-09-23","Orange",54725
"237","2020-09-24","Orange",54953
"238","2020-09-25","Orange",55159
"239","2020-09-26","Orange",55286
"240","2020-09-27","Orange",55425
"241","2020-09-28","Orange",55700
"242","2020-09-29","Orange",55905
"243","2020-09-30","Orange",56092
"244","2020-10-01","Orange",56283
"245","2020-10-02","Orange",56451
"246","2020-10-03","Orange",56582
"247","2020-10-04","Orange",56699
"248","2020-10-05","Orange",56935
"249","2020-10-06","Orange",57151
"250","2020-10-07","Orange",57367
"251","2020-10-08","Orange",57583
"252","2020-10-09","Orange",57775
"253","2020-10-10","Orange",57947
"254","2020-10-11","Orange",58068
"255","2020-10-12","Orange",58298
"256","2020-10-13","Orange",58527
"257","2020-10-14","Orange",58740
"258","2020-10-15","Orange",58952
"259","2020-10-16","Orange",59168
"260","2020-10-17","Orange",59347
"261","2020-10-18","Orange",59489
"262","2020-10-19","Orange",59786
"263","2020-10-20","Orange",60070
"264","2020-10-21","Orange",60334
"265","2020-10-22","Orange",60546
"266","2020-10-23","Orange",60760
"267","2020-10-24","Orange",60930
"268","2020-10-25","Orange",61085
"269","2020-10-26","Orange",61374
"270","2020-10-27","Orange",61579
"271","2020-10-28","Orange",61849
"272","2020-10-29","Orange",62112
"273","2020-10-30","Orange",62380
"274","2020-10-31","Orange",62621
"275","2020-11-01","Orange",62880
"276","2020-11-02","Orange",63282
"277","2020-11-03","Orange",63688
"278","2020-11-04","Orange",64118
"279","2020-11-05","Orange",64553
"280","2020-11-06","Orange",65000
"281","2020-11-07","Orange",65303
"282","2020-11-08","Orange",65592
"283","2020-11-09","Orange",66180
"284","2020-11-10","Orange",66822
"285","2020-11-11","Orange",67376
"286","2020-11-12","Orange",68015
"287","2020-11-13","Orange",68759
"288","2020-11-14","Orange",69359
"289","2020-11-15","Orange",69982
"290","2020-11-16","Orange",71026
"291","2020-11-17","Orange",72121
"292","2020-11-18","Orange",73272
"293","2020-11-19","Orange",74368
"294","2020-11-20","Orange",75633
"295","2020-11-21","Orange",76469
"296","2020-11-22","Orange",77273
"297","2020-11-23","Orange",78690
"298","2020-11-24","Orange",80096
"299","2020-11-25","Orange",81536
"300","2020-11-26","Orange",82292
"301","2020-11-27","Orange",83683
"302","2020-11-28","Orange",84972
"303","2020-11-29","Orange",86072
"304","2020-11-30","Orange",88094
"305","2020-12-01","Orange",90208
"306","2020-12-02","Orange",92312
"307","2020-12-03","Orange",94510
"308","2020-12-04","Orange",97044
"309","2020-12-05","Orange",98973
"310","2020-12-06","Orange",100445
"311","2020-12-07","Orange",103516
"312","2020-12-08","Orange",106791
"313","2020-12-09","Orange",110015
"314","2020-12-10","Orange",113122
"315","2020-12-11","Orange",116226
"316","2020-12-12","Orange",118548
"317","2020-12-13","Orange",120446
"318","2020-12-14","Orange",124386
"319","2020-12-15","Orange",128267
"320","2020-12-16","Orange",131902
"321","2020-12-17","Orange",135384
"322","2020-12-18","Orange",138751
"323","2020-12-19","Orange",141181
"324","2020-12-20","Orange",143110
"325","2020-12-21","Orange",146605
"326","2020-12-22","Orange",150009
"327","2020-12-23","Orange",153345
"328","2020-12-24","Orange",155807
"329","2020-12-25","Orange",157302
"330","2020-12-26","Orange",159996
"331","2020-12-27","Orange",162219
"332","2020-12-28","Orange",166628
"333","2020-12-29","Orange",170728
"334","2020-12-30","Orange",174500
"335","2020-12-31","Orange",177158
"336","2021-01-01","Orange",179059
"337","2021-01-02","Orange",181853
"338","2021-01-03","Orange",184079
"339","2021-01-04","Orange",188275
"340","2021-01-05","Orange",192157
"341","2021-01-06","Orange",195783
"342","2021-01-07","Orange",199220
"343","2021-01-08","Orange",202046
"344","2021-01-09","Orange",204045
"345","2021-01-10","Orange",205564
"346","2021-01-11","Orange",208351
"347","2021-01-12","Orange",210936
"348","2021-01-13","Orange",213207
"349","2021-01-14","Orange",215282
"350","2021-01-15","Orange",217188
"351","2021-01-16","Orange",218542
"352","2021-01-17","Orange",219575
"353","2021-01-18","Orange",221566
"354","2021-01-19","Orange",223455
"355","2021-01-20","Orange",225188
"356","2021-01-21","Orange",226724
"357","2021-01-22","Orange",228100
"358","2021-01-23","Orange",229053
"359","2021-01-24","Orange",229822
"360","2021-01-25","Orange",231254
"361","2021-01-26","Orange",232463
"362","2021-01-27","Orange",233587
"363","2021-01-28","Orange",234704
"364","2021-01-29","Orange",235679
"365","2021-01-30","Orange",236353
"366","2021-01-31","Orange",236899
"367","2021-02-01","Orange",237916
"368","2021-02-02","Orange",238831
"369","2021-02-03","Orange",239634
"370","2021-02-04","Orange",240378
"371","2021-02-05","Orange",241020
"372","2021-02-06","Orange",241447
"373","2021-02-07","Orange",241811
"374","2021-02-08","Orange",242409
"375","2021-02-09","Orange",242878
"376","2021-02-10","Orange",243289
"377","2021-02-11","Orange",243708
"378","2021-02-12","Orange",244075
"379","2021-02-13","Orange",244314
"380","2021-02-14","Orange",244520
"381","2021-02-15","Orange",244829
"382","2021-02-16","Orange",245148
"383","2021-02-17","Orange",245469
"384","2021-02-18","Orange",245731
"385","2021-02-19","Orange",245954
"386","2021-02-20","Orange",246130
"387","2021-02-21","Orange",246300
"388","2021-02-22","Orange",246595
"389","2021-02-23","Orange",246831
"390","2021-02-24","Orange",247029
"391","2021-02-25","Orange",247248
"392","2021-02-26","Orange",247421
"393","2021-02-27","Orange",247561
"394","2021-02-28","Orange",247687
"395","2021-03-01","Orange",247884
"396","2021-03-02","Orange",248077
"397","2021-03-03","Orange",248222
"398","2021-03-04","Orange",248367
"399","2021-03-05","Orange",248524
"400","2021-03-06","Orange",248637
"401","2021-03-07","Orange",248728
"402","2021-03-08","Orange",248920
"403","2021-03-09","Orange",249093
"404","2021-03-10","Orange",249235
"405","2021-03-11","Orange",249384
"406","2021-03-12","Orange",249522
"407","2021-03-13","Orange",249614
"408","2021-03-14","Orange",249695
"409","2021-03-15","Orange",249827
"410","2021-03-16","Orange",249940
"411","2021-03-17","Orange",250079
"412","2021-03-18","Orange",250197
"413","2021-03-19","Orange",250300
"414","2021-03-20","Orange",250400
"415","2021-03-21","Orange",250481
"416","2021-03-22","Orange",250614
"417","2021-03-23","Orange",250763
"418","2021-03-24","Orange",250889
"419","2021-03-25","Orange",251002
"420","2021-03-26","Orange",251117
"421","2021-03-27","Orange",251180
"422","2021-03-28","Orange",251275
"423","2021-03-29","Orange",251432
"424","2021-03-30","Orange",251543
"425","2021-03-31","Orange",251671
"426","2021-04-01","Orange",251783
"427","2021-04-02","Orange",251904
"428","2021-04-03","Orange",251999
"429","2021-04-04","Orange",252080
"430","2021-04-05","Orange",252215
"431","2021-04-06","Orange",252330
"432","2021-04-07","Orange",252439
"433","2021-04-08","Orange",252563
"434","2021-04-09","Orange",252673
"435","2021-04-10","Orange",252748
"436","2021-04-11","Orange",252841
"437","2021-04-12","Orange",252968
"438","2021-04-13","Orange",253055
"439","2021-04-14","Orange",253151
"440","2021-04-15","Orange",253256
"441","2021-04-16","Orange",253351
"442","2021-04-17","Orange",253415
"443","2021-04-18","Orange",253484
"444","2021-04-19","Orange",253598
"445","2021-04-20","Orange",253716
"446","2021-04-21","Orange",253806
"447","2021-04-22","Orange",253883
"448","2021-04-23","Orange",253956
"449","2021-04-24","Orange",254000
"450","2021-04-25","Orange",254044
"451","2021-04-26","Orange",254121
"452","2021-04-27","Orange",254204
"453","2021-04-28","Orange",254274
"454","2021-04-29","Orange",254354
"455","2021-04-30","Orange",254424
"456","2021-05-01","Orange",254482
"457","2021-05-02","Orange",254525
"458","2021-05-03","Orange",254599
"459","2021-05-04","Orange",254657
"460","2021-05-05","Orange",254725
"461","2021-05-06","Orange",254783
"462","2021-05-07","Orange",254851
"463","2021-05-08","Orange",254891
"464","2021-05-09","Orange",254925
"465","2021-05-10","Orange",254979
"466","2021-05-11","Orange",255032
"467","2021-05-12","Orange",255096
"468","2021-05-13","Orange",255147
"469","2021-05-14","Orange",255193
"470","2021-05-15","Orange",255227
"471","2021-05-16","Orange",255254
"472","2021-05-17","Orange",255286
"473","2021-05-18","Orange",255333
"474","2021-05-19","Orange",255373
"475","2021-05-20","Orange",255410
"476","2021-05-21","Orange",255453
"477","2021-05-22","Orange",255473
"478","2021-05-23","Orange",255494
"479","2021-05-24","Orange",255532
"480","2021-05-25","Orange",255566
"481","2021-05-26","Orange",255595
"482","2021-05-27","Orange",255631
"483","2021-05-28","Orange",255668
"484","2021-05-29","Orange",255688
"485","2021-05-30","Orange",255710
"486","2021-05-31","Orange",255733
"487","2021-06-01","Orange",255761
"488","2021-06-02","Orange",255797
"489","2021-06-03","Orange",255846
"490","2021-06-04","Orange",255874
"491","2021-06-05","Orange",255911
"492","2021-06-06","Orange",255935
"493","2021-06-07","Orange",255971
"494","2021-06-08","Orange",256011
"495","2021-06-09","Orange",256053
"496","2021-06-10","Orange",256097
"497","2021-06-11","Orange",256126
"498","2021-06-12","Orange",256160
"499","2021-06-13","Orange",256192
"500","2021-06-14","Orange",256247
"501","2021-06-15","Orange",256285
"502","2021-06-16","Orange",256326
"503","2021-06-17","Orange",256380
"504","2021-06-18","Orange",256425
"505","2021-06-19","Orange",256462
"506","2021-06-20","Orange",256508
"507","2021-06-21","Orange",256572
"508","2021-06-22","Orange",256645
"509","2021-06-23","Orange",256714
"510","2021-06-24","Orange",256780
"511","2021-06-25","Orange",256844
"512","2021-06-26","Orange",256915
"513","2021-06-27","Orange",256994
"514","2021-06-28","Orange",257108
"515","2021-06-29","Orange",257197
"516","2021-06-30","Orange",257298
"517","2021-07-01","Orange",257423
"518","2021-07-02","Orange",257543
"519","2021-07-03","Orange",257656
"520","2021-07-04","Orange",257740
"521","2021-07-05","Orange",257915
"522","2021-07-06","Orange",258116
"523","2021-07-07","Orange",258360
"524","2021-07-08","Orange",258586
"525","2021-07-09","Orange",258781
"526","2021-07-10","Orange",258987
"527","2021-07-11","Orange",259166
"528","2021-07-12","Orange",259478
"529","2021-07-13","Orange",259832
"530","2021-07-14","Orange",260162
"531","2021-07-15","Orange",260478
"532","2021-07-16","Orange",260830
"533","2021-07-17","Orange",261103
"534","2021-07-18","Orange",261410
"535","2021-07-19","Orange",261894
"536","2021-07-20","Orange",262418
"537","2021-07-21","Orange",262977
"538","2021-07-22","Orange",263532
"539","2021-07-23","Orange",264085
"540","2021-07-24","Orange",264533
"541","2021-07-25","Orange",265000
"542","2021-07-26","Orange",265709
"543","2021-07-27","Orange",266348
"544","2021-07-28","Orange",267087
"545","2021-07-29","Orange",267880
"546","2021-07-30","Orange",268593
"547","2021-07-31","Orange",269218
"548","2021-08-01","Orange",269793
"549","2021-08-02","Orange",270608
"550","2021-08-03","Orange",271524
"551","2021-08-04","Orange",272263
"552","2021-08-05","Orange",273139
"553","2021-08-06","Orange",273921
"554","2021-08-07","Orange",274488
"555","2021-08-08","Orange",275081
"556","2021-08-09","Orange",275996
"557","2021-08-10","Orange",277037
"558","2021-08-11","Orange",277917
"559","2021-08-12","Orange",278776
"560","2021-08-13","Orange",279457
"561","2021-08-14","Orange",279951
"562","2021-08-15","Orange",280385
"563","2021-08-16","Orange",281155
"564","2021-08-17","Orange",281946
"565","2021-08-18","Orange",282592
"566","2021-08-19","Orange",283232
"567","2021-08-20","Orange",283871
"568","2021-08-21","Orange",284316
"569","2021-08-22","Orange",284768
"570","2021-08-23","Orange",285459
"571","2021-08-24","Orange",286093
"572","2021-08-25","Orange",286694
"573","2021-08-26","Orange",287220
"574","2021-08-27","Orange",287712
"575","2021-08-28","Orange",288073
"576","2021-08-29","Orange",288430
"577","2021-08-30","Orange",289058
"578","2021-08-31","Orange",289642
"579","2021-09-01","Orange",290242
"580","2021-09-02","Orange",290718
"581","2021-09-03","Orange",291178
"582","2021-09-04","Orange",291502
"583","2021-09-05","Orange",291765
"584","2021-09-06","Orange",292054
"585","2021-09-07","Orange",292548
"586","2021-09-08","Orange",292980
"587","2021-09-09","Orange",293390
"588","2021-09-10","Orange",293799
"589","2021-09-11","Orange",294105
"590","2021-09-12","Orange",294410
"591","2021-09-13","Orange",294874
"592","2021-09-14","Orange",295308
"593","2021-09-15","Orange",295702
"594","2021-09-16","Orange",296027
"595","2021-09-17","Orange",296373
"596","2021-09-18","Orange",296593
"597","2021-09-19","Orange",296787
"598","2021-09-20","Orange",297156
"599","2021-09-21","Orange",297500
"600","2021-09-22","Orange",297834
"601","2021-09-23","Orange",298110
"602","2021-09-24","Orange",298407
"603","2021-09-25","Orange",298615
"604","2021-09-26","Orange",298788
"605","2021-09-27","Orange",299131
"606","2021-09-28","Orange",299438
"607","2021-09-29","Orange",299694
"608","2021-09-30","Orange",299964
"609","2021-10-01","Orange",300237
"610","2021-10-02","Orange",300422
"611","2021-10-03","Orange",300589
"612","2021-10-04","Orange",300872
"613","2021-10-05","Orange",301167
"614","2021-10-06","Orange",301444
"615","2021-10-07","Orange",301684
"616","2021-10-08","Orange",301911
"617","2021-10-09","Orange",302059
"618","2021-10-10","Orange",302240
"619","2021-10-11","Orange",302503
"620","2021-10-12","Orange",302737
"621","2021-10-13","Orange",302992
"622","2021-10-14","Orange",303199
"623","2021-10-15","Orange",303411
"624","2021-10-16","Orange",303580
"625","2021-10-17","Orange",303757
"626","2021-10-18","Orange",304072
"627","2021-10-19","Orange",304412
"628","2021-10-20","Orange",304669
"629","2021-10-21","Orange",304957
"630","2021-10-22","Orange",305229
"631","2021-10-23","Orange",305445
"632","2021-10-24","Orange",305634
"633","2021-10-25","Orange",305987
"634","2021-10-26","Orange",306288
"635","2021-10-27","Orange",306560
"636","2021-10-28","Orange",306880
"637","2021-10-29","Orange",307167
"638","2021-10-30","Orange",307393
"639","2021-10-31","Orange",307573
"640","2021-11-01","Orange",307921
"641","2021-11-02","Orange",308265
"642","2021-11-03","Orange",308582
"643","2021-11-04","Orange",308893
"644","2021-11-05","Orange",309143
"645","2021-11-06","Orange",309341
"646","2021-11-07","Orange",309548
"647","2021-11-08","Orange",309873
"648","2021-11-09","Orange",310147
"649","2021-11-10","Orange",310431
"650","2021-11-11","Orange",310695
"651","2021-11-12","Orange",310969
"652","2021-11-13","Orange",311157
"653","2021-11-14","Orange",311323
"654","2021-11-15","Orange",311640
"655","2021-11-16","Orange",311921
"656","2021-11-17","Orange",312189
"657","2021-11-18","Orange",312435
"658","2021-11-19","Orange",312674
"659","2021-11-20","Orange",312829
"660","2021-11-21","Orange",313029
"661","2021-11-22","Orange",313287
"662","2021-11-23","Orange",313530
"663","2021-11-24","Orange",313781
"664","2021-11-25","Orange",313937
"665","2021-11-26","Orange",314198
"666","2021-11-27","Orange",314468
"667","2021-11-28","Orange",314719
"668","2021-11-29","Orange",315105
"669","2021-11-30","Orange",315516
"670","2021-12-01","Orange",315937
"671","2021-12-02","Orange",316304
"672","2021-12-03","Orange",316648
"673","2021-12-04","Orange",316918
"674","2021-12-05","Orange",317150
"675","2021-12-06","Orange",317588
"676","2021-12-07","Orange",317968
"677","2021-12-08","Orange",318303
"678","2021-12-09","Orange",318650
"679","2021-12-10","Orange",318987
"680","2021-12-11","Orange",319255
"681","2021-12-12","Orange",319506
"682","2021-12-13","Orange",320015
"683","2021-12-14","Orange",320487
"684","2021-12-15","Orange",321044
"685","2021-12-16","Orange",321630
"686","2021-12-17","Orange",322243
"687","2021-12-18","Orange",322809
"688","2021-12-19","Orange",323476
"689","2021-12-20","Orange",324892
"690","2021-12-21","Orange",326517
"691","2021-12-22","Orange",328669
"692","2021-12-23","Orange",330986
"693","2021-12-24","Orange",332680
"694","2021-12-25","Orange",333747
"695","2021-12-26","Orange",336641
"696","2021-12-27","Orange",343024
"697","2021-12-28","Orange",350584
"698","2021-12-29","Orange",358303
"699","2021-12-30","Orange",365837
"700","2021-12-31","Orange",370918
"701","2022-01-01","Orange",373440
"702","2022-01-02","Orange",377706
"703","2022-01-03","Orange",388819
"704","2022-01-04","Orange",400142
"705","2022-01-05","Orange",410992
"706","2022-01-06","Orange",421113
"707","2022-01-07","Orange",430640
"708","2022-01-08","Orange",435487
"709","2022-01-09","Orange",439314
"710","2022-01-10","Orange",449426
"711","2022-01-11","Orange",458187
"712","2022-01-12","Orange",465911
"713","2022-01-13","Orange",472725
"714","2022-01-14","Orange",479234
"715","2022-01-15","Orange",483000
"716","2022-01-16","Orange",485638
"717","2022-01-17","Orange",491078
"718","2022-01-18","Orange",497065
"719","2022-01-19","Orange",502457
"720","2022-01-20","Orange",506989
"721","2022-01-21","Orange",510968
"722","2022-01-22","Orange",513216
"723","2022-01-23","Orange",514841
"724","2022-01-24","Orange",517983
"725","2022-01-25","Orange",520580
"726","2022-01-26","Orange",522873
"727","2022-01-27","Orange",524872
"728","2022-01-28","Orange",526614
"729","2022-01-29","Orange",527702
"730","2022-01-30","Orange",528415
"731","2022-01-31","Orange",530070
"732","2022-02-01","Orange",531407
"733","2022-02-02","Orange",532562
"734","2022-02-03","Orange",533627
"735","2022-02-04","Orange",534557
"736","2022-02-05","Orange",535113
"737","2022-02-06","Orange",535557
"738","2022-02-07","Orange",536525
"739","2022-02-08","Orange",537289
"740","2022-02-09","Orange",537984
"741","2022-02-10","Orange",538627
"742","2022-02-11","Orange",539280
"743","2022-02-12","Orange",539636
"744","2022-02-13","Orange",539932
"745","2022-02-14","Orange",540571
"746","2022-02-15","Orange",541077
"747","2022-02-16","Orange",541541
"748","2022-02-17","Orange",541949
"749","2022-02-18","Orange",542291
"750","2022-02-19","Orange",542531
"751","2022-02-20","Orange",542734
"752","2022-02-21","Orange",543055
"753","2022-02-22","Orange",543412
"754","2022-02-23","Orange",543699
"755","2022-02-24","Orange",544011
"756","2022-02-25","Orange",544263
"757","2022-02-26","Orange",544398
"758","2022-02-27","Orange",544511
"759","2022-02-28","Orange",544761
"760","2022-03-01","Orange",545017
"761","2022-03-02","Orange",545235
"762","2022-03-03","Orange",545440
"763","2022-03-04","Orange",545622
"764","2022-03-05","Orange",545741
"765","2022-03-06","Orange",545866
"766","2022-03-07","Orange",546023
"767","2022-03-08","Orange",546197
"768","2022-03-09","Orange",546346
"769","2022-03-10","Orange",546477
"770","2022-03-11","Orange",546600
"771","2022-03-12","Orange",546669
"772","2022-03-13","Orange",546736
"773","2022-03-14","Orange",546858
"774","2022-03-15","Orange",546999
"775","2022-03-16","Orange",547141
"776","2022-03-17","Orange",547265
"777","2022-03-18","Orange",547358
"778","2022-03-19","Orange",547427
"779","2022-03-20","Orange",547501
"780","2022-03-21","Orange",547624
"781","2022-03-22","Orange",547776
"782","2022-03-23","Orange",547919
"783","2022-03-24","Orange",548053
"784","2022-03-25","Orange",548158
"785","2022-03-26","Orange",548234
"786","2022-03-27","Orange",548310
"787","2022-03-28","Orange",548447
"788","2022-03-29","Orange",548577
"789","2022-03-30","Orange",548728
"790","2022-03-31","Orange",548884
"791","2022-04-01","Orange",549033
"792","2022-04-02","Orange",549142
"793","2022-04-03","Orange",549247
"794","2022-04-04","Orange",549455
"795","2022-04-05","Orange",549624
"796","2022-04-06","Orange",549810
"797","2022-04-07","Orange",549983
"798","2022-04-08","Orange",550142
"799","2022-04-09","Orange",550263
"800","2022-04-10","Orange",550385
"801","2022-04-11","Orange",550638
"802","2022-04-12","Orange",550845
"803","2022-04-13","Orange",551096
"804","2022-04-14","Orange",551295
"805","2022-04-15","Orange",551490
"806","2022-04-16","Orange",551612
"807","2022-04-17","Orange",551729
"808","2022-04-18","Orange",552094
"809","2022-04-19","Orange",552389
"810","2022-04-20","Orange",552672
"811","2022-04-21","Orange",553001
"812","2022-04-22","Orange",553261
"813","2022-04-23","Orange",553449
"814","2022-04-24","Orange",553670
"815","2022-04-25","Orange",554096
"816","2022-04-26","Orange",554514
"817","2022-04-27","Orange",554933
"818","2022-04-28","Orange",555310
"819","2022-04-29","Orange",555671
"820","2022-04-30","Orange",555938
"821","2022-05-01","Orange",556205
"822","2022-05-02","Orange",556770
"823","2022-05-03","Orange",557314
"824","2022-05-04","Orange",557850
"825","2022-05-05","Orange",558446
"826","2022-05-06","Orange",558962
"827","2022-05-07","Orange",559311
"828","2022-05-08","Orange",559645
"829","2022-05-09","Orange",560337
"830","2022-05-10","Orange",561018
"831","2022-05-11","Orange",561732
"832","2022-05-12","Orange",562419
"833","2022-05-13","Orange",563070
"834","2022-05-14","Orange",563540
"835","2022-05-15","Orange",563991
"836","2022-05-16","Orange",564952
"837","2022-05-17","Orange",565818
"838","2022-05-18","Orange",566744
"839","2022-05-19","Orange",567568
"840","2022-05-20","Orange",568417
"841","2022-05-21","Orange",569000
"842","2022-05-22","Orange",569524
"843","2022-05-23","Orange",570645
"844","2022-05-24","Orange",571679
"845","2022-05-25","Orange",572746
"846","2022-05-26","Orange",573778
"847","2022-05-27","Orange",574692
"848","2022-05-28","Orange",575263
"849","2022-05-29","Orange",575779
"850","2022-05-30","Orange",576357
"851","2022-05-31","Orange",577857
"852","2022-06-01","Orange",579109
"853","2022-06-02","Orange",580377
"854","2022-06-03","Orange",581418
"855","2022-06-04","Orange",582109
"856","2022-06-05","Orange",582762
"857","2022-06-06","Orange",584052
"858","2022-06-07","Orange",585194
"859","2022-06-08","Orange",586331
"860","2022-06-09","Orange",587453
"861","2022-06-10","Orange",588533
"862","2022-06-11","Orange",589208
"863","2022-06-12","Orange",589858
"864","2022-06-13","Orange",591149
"865","2022-06-14","Orange",592399
"866","2022-06-15","Orange",593544
"867","2022-06-16","Orange",594593
"868","2022-06-17","Orange",595630
"869","2022-06-18","Orange",596320
"870","2022-06-19","Orange",596962
"871","2022-06-20","Orange",598273
"872","2022-06-21","Orange",599561
"873","2022-06-22","Orange",600769
"874","2022-06-23","Orange",601977
"875","2022-06-24","Orange",603002
"876","2022-06-25","Orange",603696
"877","2022-06-26","Orange",604402
"878","2022-06-27","Orange",605914
"879","2022-06-28","Orange",607298
"880","2022-06-29","Orange",608676
"881","2022-06-30","Orange",609861
"882","2022-07-01","Orange",611054
"883","2022-07-02","Orange",611786
"884","2022-07-03","Orange",612451
"885","2022-07-04","Orange",613000
"886","2022-07-05","Orange",614851
"887","2022-07-06","Orange",616427
"888","2022-07-07","Orange",617977
"889","2022-07-08","Orange",619390
"890","2022-07-09","Orange",620301
"891","2022-07-10","Orange",621182
"892","2022-07-11","Orange",622912
"893","2022-07-12","Orange",624521
"894","2022-07-13","Orange",625956
"895","2022-07-14","Orange",627364
"896","2022-07-15","Orange",628653
"897","2022-07-16","Orange",629510
"898","2022-07-17","Orange",630254
"899","2022-07-18","Orange",631868
"900","2022-07-19","Orange",633375
"901","2022-07-20","Orange",634692
"902","2022-07-21","Orange",635984
"903","2022-07-22","Orange",637128
"904","2022-07-23","Orange",637914
"905","2022-07-24","Orange",638625
"906","2022-07-25","Orange",640010
"907","2022-07-26","Orange",641282
"908","2022-07-27","Orange",642415
"909","2022-07-28","Orange",643432
"910","2022-07-29","Orange",644403
"911","2022-07-30","Orange",645007
"912","2022-07-31","Orange",645572
"913","2022-08-01","Orange",646625
"914","2022-08-02","Orange",647619
"915","2022-08-03","Orange",648535
"916","2022-08-04","Orange",649397
"917","2022-08-05","Orange",650210
"918","2022-08-06","Orange",650743
"919","2022-08-07","Orange",651203
"920","2022-08-08","Orange",652145
"921","2022-08-09","Orange",653022
"922","2022-08-10","Orange",653869
"923","2022-08-11","Orange",654611
"924","2022-08-12","Orange",655275
"925","2022-08-13","Orange",655704
"926","2022-08-14","Orange",656115
"927","2022-08-15","Orange",656866
"928","2022-08-16","Orange",657606
"929","2022-08-17","Orange",658307
"930","2022-08-18","Orange",658933
"931","2022-08-19","Orange",659426
"932","2022-08-20","Orange",659803
"933","2022-08-21","Orange",660135
"934","2022-08-22","Orange",660818
"935","2022-08-23","Orange",661432
"936","2022-08-24","Orange",661970
"937","2022-08-25","Orange",662433
"938","2022-08-26","Orange",662863
"939","2022-08-27","Orange",663132
"940","2022-08-28","Orange",663409
"941","2022-08-29","Orange",663894
"942","2022-08-30","Orange",664353
"943","2022-08-31","Orange",664820
"944","2022-09-01","Orange",665239
"945","2022-09-02","Orange",665572
"946","2022-09-03","Orange",665772
"947","2022-09-04","Orange",665975
"948","2022-09-05","Orange",666163
"949","2022-09-06","Orange",666667
"950","2022-09-07","Orange",667057
"951","2022-09-08","Orange",667379
"952","2022-09-09","Orange",667670
"953","2022-09-10","Orange",667860
"954","2022-09-11","Orange",668046
"955","2022-09-12","Orange",668356
"956","2022-09-13","Orange",668675
"957","2022-09-14","Orange",668972
"958","2022-09-15","Orange",669273
"959","2022-09-16","Orange",669512
"960","2022-09-17","Orange",669684
"961","2022-09-18","Orange",669873
"962","2022-09-19","Orange",670174
"963","2022-09-20","Orange",670473
"964","2022-09-21","Orange",670764
"965","2022-09-22","Orange",671030
"966","2022-09-23","Orange",671266
"967","2022-09-24","Orange",671444
"968","2022-09-25","Orange",671620
"969","2022-09-26","Orange",671934
"970","2022-09-27","Orange",672210
"971","2022-09-28","Orange",672499
"972","2022-09-29","Orange",672735
"973","2022-09-30","Orange",672971
"974","2022-10-01","Orange",673109
"975","2022-10-02","Orange",673256
"976","2022-10-03","Orange",673526
"977","2022-10-04","Orange",673752
"978","2022-10-05","Orange",673971
"979","2022-10-06","Orange",674158
"980","2022-10-07","Orange",674359
"981","2022-10-08","Orange",674482
"982","2022-10-09","Orange",674600
"983","2022-10-10","Orange",674828
"984","2022-10-11","Orange",675024
"985","2022-10-12","Orange",675207
"986","2022-10-13","Orange",675380
"987","2022-10-14","Orange",675537
"988","2022-10-15","Orange",675648
"989","2022-10-16","Orange",675760
"990","2022-10-17","Orange",675966
"991","2022-10-18","Orange",676142
"992","2022-10-19","Orange",676325
"993","2022-10-20","Orange",676545
"994","2022-10-21","Orange",676681
"995","2022-10-22","Orange",676803
"996","2022-10-23","Orange",676899
"997","2022-10-24","Orange",677131
"998","2022-10-25","Orange",677316
"999","2022-10-26","Orange",677504
"1000","2022-10-27","Orange",677694
"1001","2022-10-28","Orange",677876
"1002","2022-10-29","Orange",677988
"1003","2022-10-30","Orange",678089
"1004","2022-10-31","Orange",678324
"1005","2022-11-01","Orange",678515
"1006","2022-11-02","Orange",678718
"1007","2022-11-03","Orange",678913
"1008","2022-11-04","Orange",679086
"1009","2022-11-05","Orange",679195
"1010","2022-11-06","Orange",679338
"1011","2022-11-07","Orange",679612
"1012","2022-11-08","Orange",679848
"1013","2022-11-09","Orange",680101
"1014","2022-11-10","Orange",680345
"1015","2022-11-11","Orange",680551
"1016","2022-11-12","Orange",680717
"1017","2022-11-13","Orange",680881
"1018","2022-11-14","Orange",681237
"1019","2022-11-15","Orange",681538
"1020","2022-11-16","Orange",681897
"1021","2022-11-17","Orange",682231
"1022","2022-11-18","Orange",682562
"1023","2022-11-19","Orange",682783
"1024","2022-11-20","Orange",683012
"1025","2022-11-21","Orange",683489
"1026","2022-11-22","Orange",683974
"1027","2022-11-23","Orange",684403
"1028","2022-11-24","Orange",684539
"1029","2022-11-25","Orange",684987
"1030","2022-11-26","Orange",685401
"1031","2022-11-27","Orange",685835
"1032","2022-11-28","Orange",686698
"1033","2022-11-29","Orange",687568
"1034","2022-11-30","Orange",688359
"1035","2022-12-01","Orange",689011
"1036","2022-12-02","Orange",689622
"1037","2022-12-03","Orange",690019
"1038","2022-12-04","Orange",690381
"1039","2022-12-05","Orange",691083
"1040","2022-12-06","Orange",691737
"1041","2022-12-07","Orange",692291
"1042","2022-12-08","Orange",692815
"1043","2022-12-09","Orange",693289
"1044","2022-12-10","Orange",693643
"1045","2022-12-11","Orange",693932
"1046","2022-12-12","Orange",694593
"1047","2022-12-13","Orange",695180
"1048","2022-12-14","Orange",695732
"1049","2022-12-15","Orange",696234
"1050","2022-12-16","Orange",696689
"1051","2022-12-17","Orange",697006
"1052","2022-12-18","Orange",697310
"1053","2022-12-19","Orange",697916
"1054","2022-12-20","Orange",698560
"1055","2022-12-21","Orange",699167
"1056","2022-12-22","Orange",699717
"1057","2022-12-23","Orange",700204
"1058","2022-12-24","Orange",700472
"1059","2022-12-25","Orange",700646
"1060","2022-12-26","Orange",701219
"1061","2022-12-27","Orange",701915
"1062","2022-12-28","Orange",702549
"1063","2022-12-29","Orange",703100
"1064","2022-12-30","Orange",703584
"1065","2022-12-31","Orange",703898
"1066","2023-01-01","Orange",704098
"1067","2023-01-02","Orange",704520
"1068","2023-01-03","Orange",705064
"1069","2023-01-04","Orange",705501
"1070","2023-01-05","Orange",705849
"1071","2023-01-06","Orange",706210
"1072","2023-01-07","Orange",706473
"1073","2023-01-08","Orange",706670
"1074","2023-01-09","Orange",706994
"1075","2023-01-10","Orange",707274
"1076","2023-01-11","Orange",707518
"1077","2023-01-12","Orange",707773
"1078","2023-01-13","Orange",708004
"1079","2023-01-14","Orange",708125
"1080","2023-01-15","Orange",708257
"1081","2023-01-16","Orange",708477
"1082","2023-01-17","Orange",708693
"1083","2023-01-18","Orange",708901
"1084","2023-01-19","Orange",709088
"1085","2023-01-20","Orange",709256
"1086","2023-01-21","Orange",709380
"1087","2023-01-22","Orange",709480
"1088","2023-01-23","Orange",709669
"1089","2023-01-24","Orange",709873
"1090","2023-01-25","Orange",710069
"1091","2023-01-26","Orange",710270
"1092","2023-01-27","Orange",710430
"1093","2023-01-28","Orange",710544
"1094","2023-01-29","Orange",710650
"1095","2023-01-30","Orange",710879
"1096","2023-01-31","Orange",711094
"1097","2023-02-01","Orange",711288
"1098","2023-02-02","Orange",711497
"1099","2023-02-03","Orange",711688
"1100","2023-02-04","Orange",711849
"1101","2023-02-05","Orange",711971
"1102","2023-02-06","Orange",712210
"1103","2023-02-07","Orange",712447
"1104","2023-02-08","Orange",712696
"1105","2023-02-09","Orange",712903
"1106","2023-02-10","Orange",713112
"1107","2023-02-11","Orange",713254
"1108","2023-02-12","Orange",713391
"1109","2023-02-13","Orange",713620
"1110","2023-02-14","Orange",713854
"1111","2023-02-15","Orange",714063
"1112","2023-02-16","Orange",714302
"1113","2023-02-17","Orange",714473
"1114","2023-02-18","Orange",714594
"1115","2023-02-19","Orange",714739
"1116","2023-02-20","Orange",714982
"1117","2023-02-21","Orange",715234
"1118","2023-02-22","Orange",715469
"1119","2023-02-23","Orange",715654
"1120","2023-02-24","Orange",715812
"1121","2023-02-25","Orange",715918
"1122","2023-02-26","Orange",716024
"1123","2023-02-27","Orange",716198
"1124","2023-02-28","Orange",716395
"1125","2023-03-01","Orange",716561
"1126","2023-03-02","Orange",716716
"1127","2023-03-03","Orange",716849
"1128","2023-03-04","Orange",716950
"1129","2023-03-05","Orange",717036
"1130","2023-03-06","Orange",717207
"1131","2023-03-07","Orange",717353
"1132","2023-03-08","Orange",717509
"1133","2023-03-09","Orange",717666
"1134","2023-03-10","Orange",717791
"1135","2023-03-11","Orange",717877
"1136","2023-03-12","Orange",717966
"1137","2023-03-13","Orange",718131
"1138","2023-03-14","Orange",718250
"1139","2023-03-15","Orange",718377
"1140","2023-03-16","Orange",718506
"1141","2023-03-17","Orange",718615
"1142","2023-03-18","Orange",718681
"1143","2023-03-19","Orange",718770
"1144","2023-03-20","Orange",718889
"1145","2023-03-21","Orange",718991
"1146","2023-03-22","Orange",719101
"1147","2023-03-23","Orange",719197
"1148","2023-03-24","Orange",719289
"1149","2023-03-25","Orange",719354
"1150","2023-03-26","Orange",719419
"1151","2023-03-27","Orange",719526
"1152","2023-03-28","Orange",719623
"1153","2023-03-29","Orange",719733
"1154","2023-03-30","Orange",719823
"1155","2023-03-31","Orange",719946
"1156","2023-04-01","Orange",720007
"1157","2023-04-02","Orange",720070
"1158","2023-04-03","Orange",720196
"1159","2023-04-04","Orange",720276
"1160","2023-04-05","Orange",720351
"1161","2023-04-06","Orange",720448
"1162","2023-04-07","Orange",720508
"1163","2023-04-08","Orange",720584
"1164","2023-04-09","Orange",720644
"1165","2023-04-10","Orange",720724
"1166","2023-04-11","Orange",720830
"1167","2023-04-12","Orange",720905
"1168","2023-04-13","Orange",720999
"1169","2023-04-14","Orange",721077
"1170","2023-04-15","Orange",721140
"1171","2023-04-16","Orange",721183
"1172","2023-04-17","Orange",721259
"1173","2023-04-18","Orange",721350
"1174","2023-04-19","Orange",721430
"1175","2023-04-20","Orange",721519
"1176","2023-04-21","Orange",721605
"1177","2023-04-22","Orange",721660
"1178","2023-04-23","Orange",721711
"1179","2023-04-24","Orange",721778
"1180","2023-04-25","Orange",721869
"1181","2023-04-26","Orange",721945
"1182","2023-04-27","Orange",722009
"1183","2023-04-28","Orange",722075
"1184","2023-04-29","Orange",722107
"1185","2023-04-30","Orange",722151
"1186","2023-05-01","Orange",722210
"1187","2023-05-02","Orange",722270
"1188","2023-05-03","Orange",722357
"1189","2023-05-04","Orange",722419
"1190","2023-05-05","Orange",722490
"1191","2023-05-06","Orange",722547
"1192","2023-05-07","Orange",722588
"1193","2023-05-08","Orange",722682
"1194","2023-05-09","Orange",722757
"1195","2023-05-10","Orange",722834
"1196","2023-05-11","Orange",722912
"1197","2023-05-12","Orange",722964
"1198","2023-05-13","Orange",723001
"1199","2023-05-14","Orange",723046
"1200","2023-05-15","Orange",723129
"1201","2023-05-16","Orange",723196
"1202","2023-05-17","Orange",723264
"1203","2023-05-18","Orange",723323
"1204","2023-05-19","Orange",723376
"1205","2023-05-20","Orange",723426
"1206","2023-05-21","Orange",723467
"1207","2023-05-22","Orange",723542
"1208","2023-05-23","Orange",723613
"1209","2023-05-24","Orange",723676
"1210","2023-05-25","Orange",723742
"1211","2023-05-26","Orange",723807
"1212","2023-05-27","Orange",723849
"1213","2023-05-28","Orange",723887
"1214","2023-05-29","Orange",723923
"1215","2023-05-30","Orange",724045
"1216","2023-05-31","Orange",724102
"1217","2023-06-01","Orange",724168
"1218","2023-06-02","Orange",724213
"1219","2023-06-03","Orange",724258
"1220","2023-06-04","Orange",724299
"1221","2023-06-05","Orange",724369
"1222","2023-06-06","Orange",724463
"1223","2023-06-07","Orange",724512
"1224","2023-06-08","Orange",724558
"1225","2023-06-09","Orange",724603
"1226","2023-06-10","Orange",724629
"1227","2023-06-11","Orange",724659
"1228","2023-06-12","Orange",724730
"1229","2023-06-13","Orange",724797
"1230","2023-06-14","Orange",724840
"1231","2023-06-15","Orange",724893
"1232","2023-06-16","Orange",724937
"1233","2023-06-17","Orange",724992
"1234","2023-06-18","Orange",725016
"1235","2023-06-19","Orange",725074
"1236","2023-06-20","Orange",725127
"1237","2023-06-21","Orange",725178
"1238","2023-06-22","Orange",725247
"1239","2023-06-23","Orange",725291
"1240","2023-06-24","Orange",725331
"1241","2023-06-25","Orange",725362
"1242","2023-06-26","Orange",725419
"1243","2023-06-27","Orange",725464
"1244","2023-06-28","Orange",725511
"1245","2023-06-29","Orange",725562
"1246","2023-06-30","Orange",725621
"1247","2023-07-01","Orange",725665
"1248","2023-07-02","Orange",725695
"1249","2023-07-03","Orange",725767
"1250","2023-07-04","Orange",725807
"1251","2023-07-05","Orange",725881
"1252","2023-07-06","Orange",725962
"1253","2023-07-07","Orange",726021
"1254","2023-07-08","Orange",726070
"1255","2023-07-09","Orange",726114
"1256","2023-07-10","Orange",726191
"1257","2023-07-11","Orange",726266
"1258","2023-07-12","Orange",726323
"1259","2023-07-13","Orange",726391
"1260","2023-07-14","Orange",726457
"1261","2023-07-15","Orange",726493
"1262","2023-07-16","Orange",726544
"1263","2023-07-17","Orange",726639
"1264","2023-07-18","Orange",726723
"1265","2023-07-19","Orange",726789
"1266","2023-07-20","Orange",726884
"1267","2023-07-21","Orange",726964
"1268","2023-07-22","Orange",727022
"1269","2023-07-23","Orange",727078
"1270","2023-07-24","Orange",727181
"1271","2023-07-25","Orange",727287
"1272","2023-07-26","Orange",727381
"1273","2023-07-27","Orange",727476
"1274","2023-07-28","Orange",727568
"1275","2023-07-29","Orange",727647
"1276","2023-07-30","Orange",727712
"1277","2023-07-31","Orange",727852
"1278","2023-08-01","Orange",727979
"1279","2023-08-02","Orange",728098
"1280","2023-08-03","Orange",728206
"1281","2023-08-04","Orange",728344
"1282","2023-08-05","Orange",728444
"1283","2023-08-06","Orange",728523
"1284","2023-08-07","Orange",728704
"1285","2023-08-08","Orange",728882
"1286","2023-08-09","Orange",729032
"1287","2023-08-10","Orange",729185
"1288","2023-08-11","Orange",729335
"1289","2023-08-12","Orange",729458
"1290","2023-08-13","Orange",729567
"1291","2023-08-14","Orange",729780
"1292","2023-08-15","Orange",729984
"1293","2023-08-16","Orange",730189
"1294","2023-08-17","Orange",730386
"1295","2023-08-18","Orange",730589
"1296","2023-08-19","Orange",730753
"1297","2023-08-20","Orange",730880
"1298","2023-08-21","Orange",731114
"1299","2023-08-22","Orange",731352
"1300","2023-08-23","Orange",731585
"1301","2023-08-24","Orange",731799
"1302","2023-08-25","Orange",731989
"1303","2023-08-26","Orange",732138
"1304","2023-08-27","Orange",732273
"1305","2023-08-28","Orange",732492
"1306","2023-08-29","Orange",732731
"1307","2023-08-30","Orange",732956
"1308","2023-08-31","Orange",733170
"1309","2023-09-01","Orange",733398
"1310","2023-09-02","Orange",733555
"1311","2023-09-03","Orange",733681
"1312","2023-09-04","Orange",733823
"1313","2023-09-05","Orange",734062
"1314","2023-09-06","Orange",734278
"1315","2023-09-07","Orange",734456
"1316","2023-09-08","Orange",734646
"1317","2023-09-09","Orange",734809
"1318","2023-09-10","Orange",734946
"1319","2023-09-11","Orange",735163
"1320","2023-09-12","Orange",735367
"1321","2023-09-13","Orange",735569
"1322","2023-09-14","Orange",735737
"1323","2023-09-15","Orange",735884
"1324","2023-09-16","Orange",736021
"1325","2023-09-17","Orange",736116
"1326","2023-09-18","Orange",736283
"1327","2023-09-19","Orange",736460
"1328","2023-09-20","Orange",736618
"1329","2023-09-21","Orange",736757
"1330","2023-09-22","Orange",736907
"1331","2023-09-23","Orange",737004
"1332","2023-09-24","Orange",737088
"1333","2023-09-25","Orange",737280
"1334","2023-09-26","Orange",737446
"1335","2023-09-27","Orange",737576
"1336","2023-09-28","Orange",737691
"1337","2023-09-29","Orange",737783
"1338","2023-09-30","Orange",737871
"1339","2023-10-01","Orange",737944
"1340","2023-10-02","Orange",738055
"1341","2023-10-03","Orange",738144
"1342","2023-10-04","Orange",738221
"1343","2023-10-05","Orange",738326
"1344","2023-10-06","Orange",738406
"1345","2023-10-07","Orange",738468
"1346","2023-10-08","Orange",738513
"1347","2023-10-09","Orange",738604
"1348","2023-10-10","Orange",738702
"1349","2023-10-11","Orange",738779
"1350","2023-10-12","Orange",738861
"1351","2023-10-13","Orange",738928
"1352","2023-10-14","Orange",738989
"1353","2023-10-15","Orange",739040
"1354","2023-10-16","Orange",739134
"1355","2023-10-17","Orange",739221
"1356","2023-10-18","Orange",739307
"1357","2023-10-19","Orange",739391
"1358","2023-10-20","Orange",739456
"1359","2023-10-21","Orange",739506
"1360","2023-10-22","Orange",739540
"1361","2023-10-23","Orange",739625
"1362","2023-10-24","Orange",739691
"1363","2023-10-25","Orange",739755
"1364","2023-10-26","Orange",739813
"1365","2023-10-27","Orange",739870
"1366","2023-10-28","Orange",739912
"1367","2023-10-29","Orange",739946
"1368","2023-10-30","Orange",740002
"1369","2023-10-31","Orange",740058
"1370","2023-11-01","Orange",740128
"1371","2023-11-02","Orange",740191
"1372","2023-11-03","Orange",740269
"1373","2023-11-04","Orange",740319
"1374","2023-11-05","Orange",740377
"1375","2023-11-06","Orange",740457
"1376","2023-11-07","Orange",740546
"1377","2023-11-08","Orange",740618
"1378","2023-11-09","Orange",740694
"1379","2023-11-10","Orange",740751
"1380","2023-11-11","Orange",740803
"1381","2023-11-12","Orange",740856
"1382","2023-11-13","Orange",740936
"1383","2023-11-14","Orange",741008
"1384","2023-11-15","Orange",741081
"1385","2023-11-16","Orange",741165
"1386","2023-11-17","Orange",741259
"1387","2023-11-18","Orange",741323
"1388","2023-11-19","Orange",741402
"1389","2023-11-20","Orange",741484
"1390","2023-11-21","Orange",741574
"1391","2023-11-22","Orange",741658
"1392","2023-11-23","Orange",741713
"1393","2023-11-24","Orange",741804
"1394","2023-11-25","Orange",741879
"1395","2023-11-26","Orange",741961
"1396","2023-11-27","Orange",742102
"1397","2023-11-28","Orange",742244
"1398","2023-11-29","Orange",742361
"1399","2023-11-30","Orange",742506
"1400","2023-12-01","Orange",742629
"1401","2023-12-02","Orange",742719
"1402","2023-12-03","Orange",742808
"1403","2023-12-04","Orange",742973
"1404","2023-12-05","Orange",743102
"1405","2023-12-06","Orange",743255
"1406","2023-12-07","Orange",743407
"1407","2023-12-08","Orange",743559
"1408","2023-12-09","Orange",743670
"1409","2023-12-10","Orange",743756
"1410","2023-12-11","Orange",743915
"1411","2023-12-12","Orange",744058
"1412","2023-12-13","Orange",744228
"1413","2023-12-14","Orange",744365
"1414","2023-12-15","Orange",744492
"1415","2023-12-16","Orange",744608
"1416","2023-12-17","Orange",744695
"1417","2023-12-18","Orange",744791
"1418","2023-12-19","Orange",744791
"1419","","Orange",744792
